{"products":[{"id":"0.9776851658119419","qty":1}],"totalPrice":99.95000000000002}